{"2,2,2,3,2,0,1": [0.24572276716342997, 0.2618214550653485, 0.2456738198798817, 0.2456346943975802, 0.24578596951653076, 0.2406469157400592], "2,2,2,0,2,0,1": [0.24437999062238144, 0.24530772777770737, 0.26590801628407196, 0.23394960190891073, 0.2402674057994212, 0.2520907096609409], "2,2,2,3,2,0,0": [0.23481325522852037, 0.2348421109469871, 0.23488656571932476, 0.2347874015230994, 0.23474430955253045, 0.23495091812906643], "2,1,2,3,2,0,0": [0.3839402923226832, 0.38490692566245355, 0.38339991230197945, 0.3837661387972411, 0.39320458455744955, 0.38431227873891066], "2,1,2,3,2,0,1": [0.3309355307103578, 0.32086959571429546, 0.3312057789269948, 0.33838927133397256, 0.34817016889915214, 0.3875932550651408], "2,1,2,1,2,1,1": [0.41402966051552414, 0.4145029936333076, 0.41434981874025184, 0.41527188091804645, 0.41493155939978976, 0.46905636926990507], "2,1,2,3,2,1,1": [0.37056531097600337, 0.4152480405420387, 0.3396322364767426, 0.42262314865495587, 0.33359737588579075, 0.3971259553009534], "2,1,2,3,2,1,0": [0.41872519477103354, 0.4187053054299761, 0.41814387993668856, 0.4185781077644948, 0.4212174079391205, 0.41831557945050496], "2,1,2,1,2,1,0": [0.4039382336600191, 0.402523543591078, 0.4026580471292719, 0.44812549331130785, 0.40853304439129123, 0.4082873521993654], "2,1,1,1,2,1,0": [0.8623211571970508, 0.8607607362472534, 0.8609843809803894, 0.8468418052039988, 0.8609946525241537, 0.8609263636233535], "2,1,1,3,2,1,0": [0.475846805027169, 0.859584870175548, 0.6785663409126511, 0.3173175096617731, 0.5187311188522138, 0.3522618474582696], "2,1,1,3,1,1,0": [0.8233075305941512, 0.8212117943058745, 0.8235045044732084, 0.8189611694527588, 0.8122296740859728, 0.8196589602167316], "2,1,1,1,1,1,0": [0.7440078448947708, 0.7413059204777419, 0.7419085231063793, 0.7411380706566478, 0.7419607475607793, 0.7399674949230142], "2,1,1,1,1,1,1": [0.8227541878158094, 0.6858700526694776, 0.788504294144398, 0.7891508085672503, 0.7326475133637187, 0.7857046042741961], "2,1,1,1,0,1,1": [0.8033803939895273, 0.7493398637833872, 0.801880173824055, 0.6594302383767444, 0.6497584786036567, 0.7990469267584606], "2,1,1,1,0,1,0": [0.7552196620246525, 0.7496410178064777, 0.749361002541997, 0.7292856871183058, 0.7490869518302121, 0.7159134274688872], "2,1,0,1,0,1,0": [0.8456342895916258, 0.4757072401994292, 0.3365039874247825, 0.39263386262394145, 0.19092388501322893, 0.2853302662549446], "2,1,0,1,0,1,1": [0.46014315627443453, 0.336201198269816, 0.208918490047795, 0.22801771853156294, 0.2842221505257213, 0.15840221046441164], "2,1,1,3,0,1,1": [0.8467195326920683, 0.48008544567947053, 0.8481141545759248, 0.4864346476605631, 0.8425375211161279, 0.8414144615751084], "2,1,1,3,0,1,0": [0.7941167930237369, 0.786663875246093, 0.788068314377609, 0.7926965034500265, 0.78592399924128, 0.7928158826675202], "2,1,1,1,0,0,0": [0.7430620735596087, 0.7530142637862048, 0.7581451661274866, 0.7519836209583519, 0.7196474196092795, 0.7438830547325136], "2,1,0,1,0,0,0": [0.6946359076919185, 0.5092201821516295, 0.5265683154228056, 0.5078640749012058, 0.5758749111935016, 0.5156123703053775], "2,1,0,1,0,0,1": [0.426329642625307, 0.511903118139478, 0.28527748819359877, 0.4628235456604029, 0.39952831569539177, 0.6766925872753672], "1,1,0,1,0,1,0": [0.3550237187221753, -0.6227643345867148, -0.3610842532305568, 0.009618464854059372, -0.2410588938858203, -0.014705372610521808], "1,1,0,1,2,0,0": [-0.6160372107891366, -0.8876896159250234, -0.7184855399538843, -0.8852846435098106, -1.1250584607963965, -0.8015522442706996], "1,1,0,1,0,1,1": [-0.6173229953041681, -0.6659208806957382, -0.4941160837558243, 0.47500207003310785, -0.6173101406611907, -0.7092199198896102], "2,1,1,1,2,1,1": [0.6102784212838422, 0.5636378391294009, 0.4457224620624237, 0.6676052329707439, 0.7254900211992394, 0.9358846230059351], "2,1,1,1,0,0,1": [0.10684190679117406, 0.02815489951773875, 0.016408606791303487, 0.060015920694110714, 0.10969933902891522, 0.8026158736973749], "2,1,0,3,0,1,0": [0.5079793851385996, 0.5117947600141302, 0.49213340065817246, 0.5234020820792984, 0.7145223900497537, 0.49143325864912984], "1,1,0,3,0,1,0": [-0.1865479315283834, -0.11289954848305812, 0.38826326827787855, -0.2763588166579079, -0.14878369959149093, -0.05330168313190147], "1,1,0,1,0,0,0": [0.869036601777645, 0.31185889271343636, 0.22891164432799294, 0.3040098286613744, 0.3271399873328972, 0.33812261761004786], "1,1,0,3,0,0,0": [0.4685774979108143, 0.4425493215574468, 0.47163764859882507, 0.4143554733294943, 0.42780568210930214, 0.4533664219254263], "1,1,0,1,0,0,1": [0.01086931965340946, 0.031812277890271724, -0.042425779281429196, -0.08379787403577652, -0.01900626229091451, 0.5197974424804923], "1,1,0,3,0,0,1": [-0.013358053075479402, 0.026148026647831488, 0.10607112024294593, 0.1356846664894954, 0.010607088759188001, 0.5368861862372506], "1,1,0,1,1,0,0": [-0.31140386470324816, -0.21062997883303528, -0.18104159297769812, -0.3821465106970985, 0.4208786210272273, -0.17806655691977372], "1,1,0,1,2,0,1": [-0.2827520559906455, -0.4415495471640052, -0.4038941387870878, -0.46739919964094045, -0.6851484083453475, -0.1655188275648013], "1,1,0,0,2,0,1": [-0.4329441594972726, -0.2549945899272594, -0.32449156156266945, -0.27559871999999996, -0.3328070564022828, 0.2974465210899013], "2,1,0,3,0,0,0": [0.5349372498368128, 0.5646239625165831, 0.6856972253236282, 0.5619405209529551, 0.5433833905271247, 0.4863312762588663], "2,1,0,3,0,0,1": [0.05730349223191014, 0.0522208140707044, 0.2215438882303833, 0.1255937933312653, 0.2218644320003341, 0.6526508613375726], "2,1,0,3,0,1,1": [0.46612622699665046, 0.4500148705396291, 0.4505006228619277, 0.5480261577500535, 0.10251446946513502, 0.3435072938066869], "1,1,0,1,1,0,1": [-0.4049600070279305, -0.6393774644526311, -0.2633098977674062, -0.20651608250688364, -0.24635250629798017, 0.39392026398444596], "2,1,2,3,1,1,0": [0.10140738021053844, 0.7429102221910507, 0.22671311518045456, 0.15347961763322293, 0.05736802979384493, 0.16035550938674242], "2,1,2,1,1,1,0": [0.610470100723264, 0.6369536270005671, 0.631145513030023, 0.6548202814088782, 0.6373105301255082, 0.6408402912084122], "2,1,1,3,1,1,1": [0.6245167885425674, 0.6394993891302866, 0.6864607015480741, 0.8746037486762672, 0.6477597658075208, 0.6578409947173189], "2,1,1,3,2,1,1": [0.028137350607322975, 0.8527018346827673, 0.22276459996708403, 0.040629290920165206, 0.12327150084769975, 0.020122410632819995], "2,1,0,1,2,0,0": [0.0, 0.0, 0.0, 0.0, 0.0, 0.1433020027288055], "2,1,0,1,2,0,1": [0.0, 0.0012, 0.0, 0.0, -0.01885675273026069, -0.008788570263969127], "2,1,1,3,2,0,1": [0.2555227957915164, 0.19329736087281277, 0.17833838835411883, 0.2479193356300381, 0.2708860576260773, 0.8262500291634259], "2,1,1,3,2,0,0": [0.6460615994037401, 0.7879523426598212, 0.6028981326024684, 0.7199312123117121, 0.7584125658036986, 0.6228537054099983], "1,1,0,3,1,0,0": [0.5650542918337901, -0.306613369313912, -0.31364808055987825, -0.24381818804984345, -0.47511827825336683, -0.23659389662323957], "1,1,0,3,1,0,1": [-0.17169461322015755, -0.5225553882864249, -0.4374648242395748, -0.6961680780407316, -0.47144906729172054, -0.43633133970509497], "1,1,0,3,2,0,0": [-0.7308146136098446, -0.7801663896405044, -0.5961726731555774, -0.5061891645255947, -0.04472519031153352, -0.5917063716611315], "2,1,1,3,0,0,1": [0.0, 0.0, 0.0, 0.9768917362519117, 0.0, 0.09180293803352207], "2,2,1,3,2,0,1": [0.20567770801280316, 0.7105836434501885, 0.36604750443998596, 0.5405898962941782, 0.33903966733991614, 0.2292259247310556], "1,1,0,3,0,1,1": [-0.5636894823589154, -0.46638887476398805, -0.003169126199821959, -0.8350450539716842, -0.5832223755950978, -0.5818517289633953], "1,1,0,3,2,0,1": [-0.728117551150645, -0.4746733811615608, -0.7222875928623855, -0.8775992400816337, -0.8460259719086277, -0.7135548225332522], "2,2,1,3,2,0,0": [0.42616819874907824, 0.5723478731586435, 0.4111714653581455, 0.3371543257046646, 0.3443707295393752, 0.26957992241696355],